timestamp,heart_rate,light,fall_detected
2026-04-13 15:25:58,85,450,False
2026-04-13 15:26:17,85,450,False
2026-04-13 15:09:39,85,450,False
2026-04-13 15:09:43,85,450,False
2026-04-13 15:09:46,85,450,False
2026-04-13 15:09:47,85,450,False
2026-04-13 15:09:48,85,450,False
2026-04-13 15:09:48,85,450,False
2026-04-13 15:09:48,85,450,False
2026-04-13 15:09:48,85,450,False
2026-04-13 15:09:48,85,450,False
2026-04-13 15:09:48,85,450,False
2026-04-13 15:09:49,85,450,False
2026-04-13 15:09:49,85,450,False
2026-04-13 15:09:49,85,450,False
2026-04-13 15:09:49,85,450,False
2026-04-13 15:09:49,85,450,False
2026-04-13 15:09:49,85,450,False
2026-04-13 15:09:50,85,450,False
2026-04-13 15:09:50,85,450,False
2026-04-13 15:09:50,85,450,False
2026-04-13 15:09:50,85,450,False
2026-04-13 15:09:50,85,450,False
2026-04-13 15:09:51,85,450,False
2026-04-13 15:09:51,85,450,False
2026-04-13 15:09:51,85,450,False
2026-04-13 15:09:51,85,450,False
2026-04-13 15:09:51,85,450,False
2026-04-13 15:09:51,85,450,False
2026-04-13 15:09:52,85,450,False
2026-04-13 15:09:52,85,450,False
2026-04-13 15:09:53,85,450,False
2026-04-13 15:09:53,85,450,False
2026-04-13 15:09:53,85,450,False
2026-04-13 15:09:53,85,450,False
